entry_id,name,entity_type,confidence,status,core_relevance_score,PI_or_leads,institution,city,region_state,country,latitude,longitude,map_layer,platform_tags,species,rydberg_role,experimental_mode,theory_mode,website,source_url_1,notes
E-001,Lukin Group atom-array program,academic,A,verified,5,Mikhail D. Lukin,Harvard University,Cambridge,MA,United States,42.3736,-71.1097,Core A,rydberg_array; optical_tweezers; neutral_atom_qc; quantum_simulation; qec; gates; theory,Rb,gates; analog_simulation; qec; blockade,mixed,mixed,https://lukin.physics.harvard.edu/arrays-cold-atoms,https://lukin.physics.harvard.edu/arrays-cold-atoms,Core benchmark group: official page explicitly states Rb-87 atoms in optical tweezers and Rydberg excitation.
E-002,Quantum Optics - Atoms team,academic,A,verified,5,Antoine Browaeys; Thierry Lahaye,Institut d'Optique Graduate School / Laboratoire Charles Fabry,Palaiseau,Île-de-France,France,48.713,2.207,Core A,rydberg_array; optical_tweezers; quantum_simulation; neutral_atom_qc; gates,Rb,analog_simulation; gates; blockade; dressing,mixed,mixed,https://atom-tweezers-io.org/,https://atom-tweezers-io.org/,Core French/Palaiseau node; strong link to PASQAL origins and continuing Rydberg-tweezer research.
E-003,Thompson Lab,academic,A,verified,5,Jeff D. Thompson,Princeton University,Princeton,NJ,United States,40.3431,-74.6551,Core A,rydberg_array; optical_tweezers; neutral_atom_qc; gates; alkaline_earth; circular_rydberg,Yb,gates; blockade; circular_rydberg; architecture,experimental,mixed,https://sites.google.com/site/thompsonlabq/home,https://sites.google.com/site/thompsonlabq/home,Core alkaline-earth/Yb tweezer-Rydberg group; circular Rydberg line is especially relevant for long-lived qubits.
E-004,Endres Lab,academic,A,verified,5,Manuel Endres,California Institute of Technology,Pasadena,CA,United States,34.1377,-118.1253,Core A,rydberg_array; optical_tweezers; quantum_simulation; neutral_atom_qc; alkaline_earth; qec,Sr; Rb,gates; analog_simulation; qec; blockade,mixed,mixed,https://www.endreslab.com/,https://www.endreslab.com/,Core Caltech neutral-atom tweezer group; needs subclassification because not every large-array result is Rydberg-gate specific.
E-005,Saffman neutral-atom/Rydberg program,academic,B,needs_review,4,Mark Saffman,University of Wisconsin-Madison,Madison,WI,United States,43.0731,-89.4012,Relevant B,rydberg_array; neutral_atom_qc; gates; blockade; optical_tweezers,Cs; Rb,gates; blockade; architecture,experimental,mixed,https://www.physics.wisc.edu/,https://arxiv.org/abs/1908.06103,Historically central and technically relevant; official current group page still needs better source capture.
E-006,Quantum Matter Interfaces group,academic,A,verified,5,Johannes Zeiher,Max Planck Institute of Quantum Optics / LMU Munich,Garching / Munich,Bavaria,Germany,48.2642,11.6715,Core A,rydberg_array; optical_tweezers; quantum_simulation; cavities; interfaces; qec,Rb; unknown,dressing; analog_simulation; interfaces; qec; blockade,experimental,mixed,https://www.zeiher-lab.de/,https://www.mpq.mpg.de/6707561/zeiher,Official MPQ page explicitly says the group combines atomic Rydberg arrays in optical tweezers with optical resonators.
E-007,Ryd-Yb tweezer array platform,academic,A,verified,5,Johannes Zeiher / Christian Gross / MPQ team,Max Planck Institute of Quantum Optics,Garching,Bavaria,Germany,48.2642,11.6715,Core A,rydberg_array; optical_tweezers; neutral_atom_qc; alkaline_earth; qec,Yb,gates; blockade; architecture,experimental,mixed,https://www.mpq.mpg.de/6859879/ryd-yb-tweezer-array,https://www.mpq.mpg.de/6859879/ryd-yb-tweezer-array,New platform; source explicitly mentions neutral Yb atoms in optical tweezers with interactions induced via highly excited Rydberg states.
E-008,Strontium Rydberg Lab,academic,B,verified,4,Immanuel Bloch / Munich Quantum Optics group,LMU Munich / MPQ,Munich,Bavaria,Germany,48.15,11.58,Relevant B,rydberg_array; optical_tweezers; optical_lattice; quantum_simulation; alkaline_earth,Sr,analog_simulation; dressing; blockade,experimental,mixed,https://www.quantum-munich.de/238106/Strontium-Rydberg-lab,https://www.quantum-munich.de/238106/Strontium-Rydberg-lab,"Relevant but mixed lattice/tweezer emphasis, so not pure tweezer-array core."
E-009,Sr Rydberg tweezers platform,academic,A,verified,5,Quantum Gases Group / LENS team,LENS / University of Florence,Florence,Tuscany,Italy,43.7696,11.2558,Core A,rydberg_array; optical_tweezers; quantum_simulation; neutral_atom_qc; alkaline_earth,Sr,gates; analog_simulation; blockade,experimental,mixed,https://quantumgases.lens.unifi.it/exp/sr-rydberg/174-sr-atoms,https://quantumgases.lens.unifi.it/exp/sr-rydberg/174-sr-atoms,Official page explicitly states Rydberg atoms in optical tweezers and programmable optically trapped neutral atoms.
E-010,KAT-1 / Eindhoven Rydberg atom quantum computing and simulation,academic,A,verified,5,S. J. J. M. F. Kokkelmans / Eindhoven team,Eindhoven University of Technology,Eindhoven,North Brabant,Netherlands,51.4416,5.4697,Core A,rydberg_array; optical_tweezers; neutral_atom_qc; quantum_simulation; alkaline_earth,Sr,gates; analog_simulation; blockade; theory,mixed,mixed,https://www.tue.nl/en/research/research-groups/center-for-quantum-materials-and-technology-eindhoven/projects/rydberg-atom-quantum-computing-and-simulation,https://www.tue.nl/en/research/research-groups/center-for-quantum-materials-and-technology-eindhoven/projects/rydberg-atom-quantum-computing-and-simulation,Strong A entry: official project states optical tweezers plus Rydberg interactions; includes theory on recapture/anti-trapping.
E-011,QRydDemo / Rydberg quantum computer demonstrator,mixed_team,A,verified,5,Tilman Pfau; Ferdinand Meinert; Hans Peter Büchler,University of Stuttgart,Stuttgart,Baden-Württemberg,Germany,48.7758,9.1829,Core A,rydberg_array; optical_tweezers; neutral_atom_qc; gates; theory; consortium,Sr,gates; architecture; blockade; theory,mixed,mixed,https://www.itp3.uni-stuttgart.de/buechler-group/research/quantum-computing-with-Rydberg-atoms/,https://www.itp3.uni-stuttgart.de/buechler-group/research/quantum-computing-with-Rydberg-atoms/,Important mixed experiment/theory node; not just a single PI lab but a demonstrator ecosystem.
E-012,Circular Rydberg atoms group,academic,B,verified,4,Jean-Michel Raimond; Michel Brune; Clément Sayrin / LKB team,Laboratoire Kastler Brossel / ENS-PSL / Sorbonne / Collège de France,Paris,Île-de-France,France,48.841,2.344,Relevant B,circular_rydberg; optical_tweezers; quantum_simulation; sensing; gates,Rb,circular_rydberg; analog_simulation; sensing; blockade,experimental,mixed,https://www.lkb.fr/rydbergatoms/,https://www.lkb.fr/rydbergatoms/,Highly relevant but somewhat adjacent to standard neutral-atom Rydberg blockade processors because it uses circular Rydberg atoms/bottle beams.
E-013,Ohmori Group ultrafast Rydberg atom-array program,academic,B,verified,4,Kenji Ohmori; Takafumi Tomita,Institute for Molecular Science / SOKENDAI,Okazaki,Aichi,Japan,34.9546,137.1743,Relevant B,rydberg_array; optical_tweezers; ultrafast; quantum_simulation,Rb; unknown,analog_simulation; ultrafast_control; blockade,experimental,mixed,https://ohmori.ims.ac.jp/en/publications/,https://ohmori.ims.ac.jp/en/publications/,Official publications/talks page repeatedly lists ultrafast Rydberg experiments with ultracold atoms in optical tweezers; still needs peer-reviewed extraction and species confirmation.
E-014,Kaufman Group,academic,A,verified,5,Adam M. Kaufman,JILA / University of Colorado Boulder,Boulder,CO,United States,40.015,-105.2705,Core A,optical_tweezers; rydberg_array; quantum_simulation; metrology; qec; gates,Sr; Rb,gates; analog_simulation; blockade; metrology,experimental,mixed,https://www.colorado.edu/jila/kaufman,https://www.colorado.edu/jila/kaufman,"Core tweezer-array methods group with Rydberg activity; some work is not Rydberg-specific, so tag carefully."
E-015,Pichler Quantum Science Theory group,theory_group,B,verified,4,Hannes Pichler,IQOQI Innsbruck / University of Innsbruck,Innsbruck,Tyrol,Austria,47.2692,11.4041,Relevant B,rydberg_array; theory; algorithms; quantum_simulation; neutral_atom_qc,not_applicable,theory; algorithms; analog_simulation; architecture; qec,theory,theory,https://iqoqi.at/en/research/publications/ag-pichler,https://iqoqi.at/en/research/publications/ag-pichler,"Theory node, not experimental; useful for citation-network discovery and algorithms/architecture bucket."
E-016,Sachdev Rydberg-array theory collaborations,theory_group,B,verified,4,Subir Sachdev; Rhine Samajdar / collaborators,Harvard University,Cambridge,MA,United States,42.3736,-71.1097,Relevant B,rydberg_array; theory; quantum_simulation; many_body,not_applicable,theory; analog_simulation,theory,theory,https://www.physics.harvard.edu/news/phases-two-dimensional-rydberg-atom-array,https://www.physics.harvard.edu/news/phases-two-dimensional-rydberg-atom-array,Theory-only but highly relevant to programmable Rydberg array quantum simulation.
E-017,Lesanovsky theoretical atomic physics / synthetic quantum systems,theory_group,B,verified,3,Igor Lesanovsky,University of Tübingen,Tübingen,Baden-Württemberg,Germany,48.5216,9.0576,Relevant B,rydberg_atoms; theory; quantum_simulation; open_quantum_systems,not_applicable,theory; analog_simulation; dressing; open_systems,theory,theory,https://uni-tuebingen.de/en/fakultaeten/mathematisch-naturwissenschaftliche-fakultaet/fachbereiche/physik/institute/institut-fuer-theoretische-physik/arbeitsgruppen/ag-lesanovsky/research-topics/,https://arxiv.org/abs/2506.09865,Updated in v0.9: current Rydberg-tweezer-array molecular-dynamics theory paper added; affiliation normalized to Tübingen pending official page check.
E-018,PASQAL,company,A,verified,5,Company leadership / PASQAL technical teams,PASQAL,Massy / Palaiseau,Île-de-France,France,48.73,2.27,Core A,rydberg_array; optical_tweezers; neutral_atom_qc; quantum_simulation; software; algorithms; gates,Rb,analog_simulation; digital_simulation; gates; blockade,company,mixed,https://www.pasqal.com/,https://www.pasqal.com/blog/pasqals-neutral-atoms-platform-toward-fully-programmable-quantum-simulators/,Company is core target; sources explicitly state Rydberg atoms held in arrays of optical tweezers and registers built with optical tweezers.
E-019,QuEra Computing,company,A,verified,5,Company leadership / QuEra technical teams,QuEra Computing,Boston,MA,United States,42.3601,-71.0589,Core A,rydberg_array; optical_tweezers; neutral_atom_qc; analog_simulation; qec; software,Rb; unknown,analog_simulation; gates; qec; blockade,company,mixed,https://www.quera.com/neutral-atom-platform,https://www.quera.com/neutral-atom-platform,Company is core target; official platform page says lasers act as optical tweezers; Bloqade docs state Rydberg blockade mechanism.
E-020,Atom Computing,company,B,needs_review,4,Company leadership / Atom Computing technical teams,Atom Computing,Berkeley,CA,United States,37.8715,-122.273,Relevant B,neutral_atom_qc; optical_tweezers; qec; alkaline_earth; gates,Sr; alkaline_earth,gates; qec; architecture,company,mixed,https://atom-computing.com/,https://atom-computing.com/wp-content/uploads/2025/01/Atom-Computing-Whitepaper-2025.pdf,Included as B: clearly neutral-atom/tweezer-confined and QEC-relevant; public source needs more explicit Rydberg-gate confirmation in this pass.
E-021,Infleqtion neutral-atom QC program,company,B,needs_review,4,Company leadership / Infleqtion technical teams,Infleqtion,Boulder,CO,United States,40.015,-105.2705,Relevant B,neutral_atom_qc; optical_tweezers; gates; qec; sensing,Cs,gates; qec; blockade,company,mixed,https://infleqtion.com/neutral-atom-technology/,https://infleqtion.com/neutral-atom-technology/,Included as B: official page gives optical tweezers; arXiv paper gives Cs tweezer array; confirm exact Rydberg gate mechanism and current product architecture.
E-022,QPerfect,company,B,verified,4,QPerfect team,QPerfect,Strasbourg,Grand Est,France,48.5734,7.7521,Relevant B,software; algorithms; qec; neutral_atom_qc; theory,not_applicable,algorithms; qec; emulation; theory,software,theory,https://www.qperfect.io/,https://www.qperfect.io/,"Not a hardware lab, but useful for theory/software/company ecosystem mapping around neutral-atom Rydberg processors."
E-023,planqc,company,C,candidate,2,planqc team / MPQ spinout,planqc,Garching / Munich,Bavaria,Germany,48.2489,11.6532,Adjacent C,neutral_atom_qc; optical_lattice; qec; gates,Sr; Li; unknown,gates; architecture,company,mixed,https://www.planqc.eu/,https://www.mpq.mpg.de/quantum-register-reaches-1200-neutral-atoms-in-continuous-operation,"Kept as C because approach appears optical-lattice-centered rather than optical-tweezer-centered, but strategically adjacent."
E-024,CAS Cold Atom Technology / Hanyuan neutral-atom systems,company,C,candidate,2,CAS Cold Atom Technology team,CAS Cold Atom Technology,Wuhan,Hubei,China,30.5928,114.3055,Adjacent C,neutral_atom_qc; optical_tweezers; company; qec,Rb,architecture; qec,company,unknown,https://www.cas.cn/,https://www.tomshardware.com/tech-industry/quantum-computing/china-claims-worlds-first-dual-core-quantum-computer,Kept as C/candidate because information is mostly press/news and lacks detailed public benchmarks in this pass.
E-025,DLR QCI DiNAQC / neutral atoms program,national_lab,C,candidate,2,DLR QCI / project partners,DLR Quantum Computing Initiative,Germany,Germany,Germany,51.1657,10.4515,Adjacent C,neutral_atom_qc; rydberg_array; gates; consortium,unknown,gates; blockade; architecture,mixed,mixed,https://qci.dlr.de/en/neutral-atoms/,https://qci.dlr.de/en/neutral-atoms/,"Useful consortium/project row, but optical tweezers not confirmed from the DLR page snippet."
E-026,CQT atom-array program,academic,C,candidate,2,Huanqian Loh / CQT team,"Centre for Quantum Technologies, National University of Singapore",Singapore,,Singapore,1.3521,103.8198,Adjacent C,optical_tweezers; atom_arrays; quantum_simulation,unknown,other,experimental,mixed,https://www.cqt.sg/highlight/2023-03-tweezers-atom-array/,https://www.cqt.sg/highlight/2023-03-tweezers-atom-array/,"Kept as adjacent/candidate because optical tweezer arrays are confirmed, but Rydberg target relevance is not yet confirmed."
E-027,Wenchao Xu Rydberg atom-array program,academic,B,verified,4,Wenchao Xu,ETH Zurich,Zurich,Zurich,Switzerland,47.3769,8.5417,Relevant B,rydberg_array; optical_tweezers; quantum_simulation; neutral_atom_qc,unknown,gates; analog_simulation; blockade,experimental,mixed,https://www.psi.ch/en/news/science-features/correcting-quantum-errors-with-neutral-atom-architectures,https://memento.epfl.ch/event/qse-quantum-seminar-quantum-science-with-rydberg-a/,ETH/PSI sources confirm Wenchao Xu leads Quantum Engineering and works on optically trapped neutral-atom arrays; seminar abstracts explicitly mention controllable Rydberg interactions.
E-028,Bernien Lab dual-species Rydberg arrays,academic,A,verified,5,Hannes Bernien,University of Chicago,Chicago,IL,United States,41.7897,-87.5997,Core A,rydberg_array; optical_tweezers; dual_species; neutral_atom_qc; quantum_simulation; qnd; gates,Rb; Cs,gates; quantum_simulation; qnd_measurement; dual_species_rydberg,experimental,mixed,https://bernienlab.com/,https://bernienlab.com/,Core dual-species Rydberg tweezer group. Official lab page shows Rb/Cs atoms in arbitrary geometries using optical tweezers; UChicago page confirms Rydberg entanglement/QND direction.
E-029,Vuletic neutral-atom/Rydberg collaborations,academic,B,verified,4,Vladan Vuletic,Massachusetts Institute of Technology,Cambridge,MA,United States,42.3601,-71.0942,Relevant B,rydberg_array; optical_tweezers; neutral_atom_qc; gates; nanophotonics; cavity_qed,Rb,gates; cavity_interfaces; qec; blockade,mixed,mixed,https://eapg.mit.edu/publications-by-subject/cavity-qed-with-atomic-ensembles-quantum-information-science/,https://eapg.mit.edu/publications-by-subject/cavity-qed-with-atomic-ensembles-quantum-information-science/,Relevant mixed collaboration node rather than a clean standalone Rydberg-array lab row; important for Cambridge ecosystem and cavity/interface directions.
E-030,Google Quantum AI neutral-atom hardware team,company,B,candidate,4,Adam M. Kaufman / Google Quantum AI team,Google Quantum AI / JILA collaboration,Boulder,CO,United States,40.015,-105.2705,Relevant B,neutral_atom_qc; optical_tweezers; qec; company; emerging_program,Yb; unknown,qec; gates; architecture; neutral_atom_hardware,mixed,mixed,https://blog.google/innovation-and-ai/technology/research/neutral-atom-quantum-computers/,https://blog.google/innovation-and-ai/technology/research/neutral-atom-quantum-computers/,"Important emerging industrial node. Treat as B/candidate because official announcement confirms neutral atoms, but public details about Rydberg/tweezer architecture are still sparse."
E-031,CIQC Neutral Atom QIS core,mixed_team,B,candidate,3,CIQC neutral atom faculty / collaborators,Challenge Institute for Quantum Computation / UC Berkeley and partners,Berkeley,CA,United States,37.8715,-122.273,Relevant B,neutral_atom_qc; optical_tweezers; optical_lattice; rydberg; cavity_qed; gates,unknown,gates; cavity_interfaces; architecture,mixed,mixed,https://ciqc.berkeley.edu/research/research-cores/neutral-atom-qis/,https://ciqc.berkeley.edu/research/research-cores/neutral-atom-qis/,"Good ecosystem/program node, but not yet resolved to a single lab/PI or paper lineage."
E-032,Tsinghua 87Rb Rydberg Atom Array,academic,A,verified,5,Ultracold Tsinghua / RAA team,Tsinghua University,Beijing,Beijing,China,40.0007,116.3264,Core A,rydberg_array; optical_tweezers; neutral_atom_qc; quantum_simulation; atom_sorting,Rb,analog_simulation; blockade; quantum_many_body,experimental,mixed,https://info.phys.tsinghua.edu.cn/coldquantum/raa.html,https://info.phys.tsinghua.edu.cn/coldquantum/raa.html,"Core China node. Strong fit for target taxonomy: 87Rb, optical tweezers, SLM arrays, Rydberg interactions."
E-033,Takahashi Yb Rydberg tweezer-array program,academic,B,verified,4,Yoshiro Takahashi; Yosuke Takasu; Yuma Nakamura,Kyoto University,Kyoto,Kyoto,Japan,35.0262,135.7808,Relevant B,rydberg_array; optical_tweezers; alkaline_earth; ytterbium; spectroscopy; neutral_atom_qc,Yb,single_photon_rydberg; spectroscopy; gates_candidate; quantum_simulation,experimental,mixed,https://www.scphys.kyoto-u.ac.jp/en/,https://arxiv.org/abs/2204.07995,Relevant Yb tweezer-Rydberg node. Mark B until an official current lab page and full group identity are normalized.
E-034,Pupillo Quantum Physics / Rydberg-array theory,theory_group,B,verified,4,Guido Pupillo,Université de Strasbourg / CNRS / CESQ,Strasbourg,Grand Est,France,48.5839,7.7455,Relevant B,rydberg_array; theory; quantum_simulation; neutral_atom_qc; qec; optimal_control; software,platform_agnostic,qec; gates; optimal_control; simulation; architecture,no,theory,https://isis.unistra.fr/en/cesq/pupillo-quantum-physics/,https://isis.unistra.fr/en/cesq/pupillo-quantum-physics/,Core theory/software node for neutral-atom/Rydberg gates and QEC. Useful for non-experimental side of the future ecosystem map.
E-035,Regal Group cryogenic Rydberg atom arrays,academic,B,verified,4,Cindy Regal / Regal group,JILA / University of Colorado Boulder,Boulder,CO,United States,40.015,-105.2705,Relevant B,rydberg_array; optical_tweezers; cryogenic; neutral_atom_qc; quantum_simulation; loading,Rb; bosonic atoms; unknown,cryogenic_rydberg_arrays; analog_simulation; loading; platform_methods,experimental,mixed,https://www.colorado.edu/jila/regal-group-research,https://www.colorado.edu/jila/regal-group-research,Likely should remain B because it overlaps with Kaufman; still useful as a distinct apparatus/team node for cryogenic Rydberg arrays.
E-036,Covey Lab photonic interfaces for Rydberg atom arrays,academic,B,verified,4,Jacob P. Covey,University of Illinois Urbana-Champaign,Urbana-Champaign,IL,United States,40.1106,-88.2073,Relevant B,rydberg_array; optical_tweezers; photonic_interface; neutral_atom_qc; quantum_networks; alkaline_earth,Sr; Yb; unknown,photonic_interfaces; quantum_networks; gates; architecture,experimental,mixed,https://iquist.illinois.edu/people/jacob-covey,https://iquist.illinois.edu/people/jacob-covey,"Important US node for interfaces/networks, not only standalone processors. Keep B until exact species/platform and active Rydberg-array publications are extracted."
E-037,Strathclyde neutral-atom/Rydberg entanglement and QEC candidates,academic,C,needs_review,3,Jonathan D. Pritchard; Kieran Craig; collaborators,University of Strathclyde,Glasgow,Scotland,United Kingdom,55.862,-4.242,Adjacent C,rydberg_atoms; neutral_atom_qc; optical_tweezers_candidate; qec; theory; experimental_history,Cs; unknown,entanglement; qec_candidate; architecture; fast_scrambling,mixed,mixed,https://pureportal.strath.ac.uk/en/publications/deterministic-fast-scrambling-with-neutral-atom-arrays,https://strathprints.strath.ac.uk/66084/8/Picken_etal_QST2018_Entanglement_of_neutral_atom_qubits_with_long_ground-Rydberg.pdf,Candidate/adjacent: target relevance is plausible but current optical-tweezer/Rydberg-array experimental status needs primary validation.
E-038,Loh Lab / Duke neutral-atom arrays,academic,B,verified,4,Huanqian Loh,Duke University,Durham,NC,United States,35.994,-78.8986,Relevant B,optical_tweezers; rydberg_array; neutral_atom_qc; quantum_simulation; metrology; atom_arrays,Rb; unknown,long_range_interactions; quantum_simulation; quantum_computation; metrology,experimental,mixed,https://lohlab.pratt.duke.edu/research-overview,https://lohlab.pratt.duke.edu/research-overview,Useful successor/current node related to earlier CQT Loh atom-array work. Keep B until recent Duke papers explicitly demonstrate Rydberg excitation/control on the new apparatus.
E-039,USTC / Pan-Lu-Rui large neutral-atom array program,academic,B,verified,3,Jian-Wei Pan; Chao-Yang Lu; Jun Rui; collaborators,University of Science and Technology of China / Shanghai Research Center for Quantum Sciences,Hefei,Anhui,China,31.8206,117.2272,Relevant B,optical_tweezers; neutral_atom_arrays; atom_sorting; qec_scaling; asian_ecosystem,Rb,architecture; loading; rearrangement; qec_candidate,experimental,mixed,https://quantum.ustc.edu.cn/web/en/publications-sel,https://arxiv.org/abs/2412.14647,Added from CAND-020. Strong optical-tweezer/large-array relevance; not yet classified A because the cited scaling paper does not itself prove Rydberg blockade/gates.
E-040,Durham Rydberg-molecule tweezer platform,academic,C,needs_review,2,Simon Cornish; Alexander Guttridge; collaborators,Durham University,Durham,County Durham,United Kingdom,54.7753,-1.5849,Adjacent C,optical_tweezers; rydberg_molecules; mixed_species; adjacent_platform,RbCs; Rb; Cs,rydberg_molecules; few_body; adjacent_quantum_simulation,experimental,mixed,https://arxiv.org/abs/2412.14888,https://arxiv.org/abs/2412.14888,"Adjacent rather than core: Rydberg molecules and mixed-species tweezer assembly are scientifically relevant, but not a standard neutral-atom Rydberg QC/simulation array."
E-041,Hazzard theory group / Rydberg-tweezer array theory,theory_group,B,verified,4,Kaden R. A. Hazzard,Rice University,Houston,TX,United States,29.7604,-95.3698,Relevant B,theory; rydberg_array; optical_tweezers; quantum_simulation; synthetic_dimensions; algorithms,not_applicable,theory; quantum_simulation; synthetic_dimensions; many_body,theory,theory,https://kaden.rice.edu/publications.html,https://kaden.rice.edu/publications.html,"Theory node for non-experimental map layer. Strongly relevant to Rydberg-array simulation, but no hardware apparatus."
E-042,Schleier-Smith Rydberg-dressing ensemble arrays,academic,C,verified,3,Monika Schleier-Smith,Stanford University,Stanford,CA,United States,37.4275,-122.1697,Adjacent C,rydberg_dressing; atomic_ensembles; metrology; adjacent_arrays,Cs,spin_squeezing; metrology; rydberg_dressing; many_body,experimental,mixed,https://sites.google.com/stanford.edu/sslab/research/publications,https://arxiv.org/abs/2303.08805,"Important Rydberg-dressing work, but not clearly an individual-atom optical-tweezer Rydberg processor. Keep as C/adjacent unless a direct tweezer-array apparatus is confirmed."
E-043,Sandia Neutral Atoms/Rydberg Computing program,national_lab,B,needs_review,3,Sandia neutral-atoms/Rydberg team,Sandia National Laboratories,Albuquerque,NM,United States,35.0844,-106.6504,Relevant B,neutral_atom_qc; rydberg_computing; national_lab; gates; theory; engineering,unknown,gates; architecture; theory; hardware_methods,mixed,mixed,https://www.sandia.gov/quantum/neutral-atoms-rydberg-computing/,https://www.sandia.gov/quantum/neutral-atoms-rydberg-computing/,"Strategically relevant US national-lab node. Classified B because public page confirms neutral atoms/Rydberg computing, but not enough detail yet for a core optical-tweezer row."
E-044,Deutsch CQuIC neutral-atom/Rydberg control theory,theory_group,B,verified,4,Ivan H. Deutsch,University of New Mexico,Albuquerque,NM,United States,35.0844,-106.6504,Relevant B,rydberg_array; quantum_control; neutral_atom_qc; qec; qudits; theory,generic; Rb; Cs,quantum_control; Dicke_manifold; architecture; qec; neutral_atom_theory,no,yes,https://cquic.unm.edu/people/ivan-deutsch/index.html,https://cquic.unm.edu/people/ivan-deutsch/index.html,Promoted in v0.9 from arXiv PI map. Strong theory/control node; not an experimental tweezer lab.
E-045,Misguich / IPhT Rydberg-array control and random-state theory,theory_group,B,verified,4,Grégoire Misguich,"CEA / Institut de Physique Théorique (IPhT), Université Paris-Saclay",Saclay / Gif-sur-Yvette,Île-de-France,France,48.729,2.148,Relevant B,rydberg_array; theory; control; random_state_generation; spin_squeezing,generic,state_preparation; control; random_states; spin_squeezing; quantum_simulation_theory,no,yes,https://www.ipht.fr/en/pisp/gregoire-misguich-2/,https://www.ipht.fr/en/pisp/gregoire-misguich-2/,Promoted in v0.9 as a local France/Saclay theory/control node with direct Rydberg-array papers.
E-046,Serbyn Quantum Dynamics & Condensed Matter group,theory_group,B,verified,3,Maksym Serbyn,Institute of Science and Technology Austria (ISTA),Klosterneuburg,Lower Austria,Austria,48.3097,16.2595,Relevant B,rydberg_array; many_body_scars; thermalization; solitons; theory,generic,many_body_scars; non_equilibrium; rydberg_chain_theory; quantum_simulation_theory,no,yes,https://serbyn.github.io/site/,https://serbyn.github.io/site/,Promoted in v0.9 as a theory node. Relevance is Rydberg-array many-body theory; optical-tweezer implementation is indirect.
E-047,Carrasquilla quantum many-body ML for Rydberg arrays,theory_group,B,verified,3,Juan Carrasquilla,ETH Zurich,Zurich,Zurich,Switzerland,47.3769,8.5417,Relevant B,rydberg_array; theory; machine_learning; variational_wavefunctions,generic,many_body_theory; machine_learning; quantum_simulation_benchmarking,no,yes,https://www.phys.ethz.ch/news-and-events/d-phys-news/2023/12/new-year-new-professors.html,https://arxiv.org/abs/2405.20384,Promoted in v0.9 as ML/theory node for Rydberg-array wavefunctions; not a hardware group.
E-048,Jin-Guo Liu / Quantum Bay Rydberg-array algorithms and QEC,theory_group,B,verified,4,Jin-Guo Liu,Hong Kong University of Science and Technology (Guangzhou),Guangzhou,Guangdong,China,23.1291,113.2644,Relevant B,rydberg_array; algorithms; qec; tensor_networks; optimization; software,generic,qec; globally_controlled_arrays; optimization; tensor_networks; software,no,yes,https://www.jinguo-group.science/,https://www.jinguo-group.science/,Promoted in v0.9. Affiliation resolved from group/faculty pages; paper is theory/QEC for neutral-atom Rydberg arrays.
E-049,Pengfei Zhang / Fudan spin-phonon Rydberg-array theory,theory_group,B,verified,4,Pengfei Zhang,Fudan University,Shanghai,Shanghai,China,31.2304,121.4737,Relevant B,rydberg_array; spin_phonon_coupling; many_body_theory; quantum_simulation,generic,spin_phonon; many_body_physics; quantum_simulation_theory; thermalization,no,yes,https://scholar.google.com/citations?user=xvhhFXgAAAAJ,https://arxiv.org/abs/2507.16751,Promoted in v0.9. Direct theory paper explicitly invokes optical-tweezer vibrations/spin-phonon coupling in Rydberg arrays.
E-050,Pai Peng / Peking Yb optical-tweezer array program,academic,B,verified,4,Pai Peng; Sheng Zhang; Qihuang Gong,Peking University,Beijing,Beijing,China,39.9042,116.4074,Relevant B,optical_tweezers; alkaline_earth; Yb; neutral_atom_qc; rydberg_gate_estimates,Yb,platform_scaling; loading; proposed_gates; alkaline_earth_arrays,experimental,mixed,https://scholar.google.com/citations?user=pZNLmTIAAAAJ,https://arxiv.org/abs/2512.19795,"Promoted in v0.9 as B, not A: optical tweezer/Yb scaling is clear; Rydberg role is prospective/estimated rather than demonstrated in this paper."
E-051,Burgers Lab Yb atom-array architecture,academic,B,verified,4,Alex P. Burgers,University of Michigan,Ann Arbor,MI,United States,42.2808,-83.743,Relevant B,optical_tweezers; Yb; neutral_atom_qc; qec_architecture; rydberg_entanglement,Yb,architecture; metastable_encoding; qec; rydberg_entanglement,mixed,mixed,https://ece.engin.umich.edu/stories/alex-burgers-awarded-aro-support-for-research-on-long-lasting-qubit-states-in-ytterbium,https://arxiv.org/abs/2606.08453,Promoted in v0.9 from candidate. Architecture/theory/hardware-direction node; Rydberg-mediated entanglement is in scope.
E-052,Ni Group dual-species atom quantum simulator,academic,A,verified,5,Kang-Kuen Ni,Harvard University,Cambridge,MA,United States,42.3736,-71.1097,Core A,dual_species; optical_tweezers; rydberg_array; qec; neutral_atom_qc; molecules,Na; Cs; molecules,stabilizer_readout; dual_species_gates; blockade; qec; quantum_simulation,experimental,mixed,https://kni.faculty.chemistry.harvard.edu/dual-species-atom-quantum-simulator,https://kni.faculty.chemistry.harvard.edu/dual-species-atom-quantum-simulator,Promoted in v0.9 as separate Harvard experimental node; distinct enough from Lukin due to dual-species Na/Cs and molecule/atom-array orientation.
E-053,Bilitewski Rydberg-array squeezing theory,theory_group,C,verified,2,Thomas Bilitewski,Oklahoma State University,Stillwater,OK,United States,36.1156,-97.0584,Adjacent C,rydberg_array; theory; metrology; squeezing; qudits,generic,spin_nematic_squeezing; metrology; dipolar_rydberg_theory,no,yes,https://arxiv.org/html/2605.00096v1,https://arxiv.org/abs/2605.00096,Promoted in v0.9 as adjacent theory node. Kept C because relevance is theory/metrology; not a group centered on tweezer hardware.
E-054,Katzgraber / Amazon Advanced Solutions Lab Rydberg-array compilation,company_team,B,verified,4,Helmut G. Katzgraber; Martin J. A. Schuetz; Amazon/JPMorgan collaborators,Amazon Advanced Solutions Lab / AWS,Seattle,WA,United States,47.6062,-122.3321,Relevant B,rydberg_array; compilation; optimization; MIS; software; benchmarking; cloud_hardware,generic,compilation; MIS; hardware_compatibility; graph_embedding; quantum_optimization,no,yes,https://arxiv.org/abs/2412.14976,https://arxiv.org/html/2412.14976v1,"Promoted in v1.0 from QC. This is not a hardware lab, but it is a relevant company/software node for Rydberg-array compilation and near-term MIS workflows."
E-055,Heng Shen atomic-array quantum computation and simulation lab,academic,B,verified,4,Heng Shen,Shanxi University,Taiyuan,Shanxi,China,37.8706,112.5489,Relevant B,rydberg_array; atom_array; quantum_simulation; metrology; theory_experiment_mix,unknown,state_preparation; ordered_states; metrology; quantum_simulation; neutral_atom_arrays,mixed,mixed,https://ioe.sxu.edu.cn/sys/labs14/Team14/index.htm,https://ioe.sxu.edu.cn/sys/labs14/Team14/index.htm,Promoted in v1.0. Official lab page identifies Heng Shen as PI; recent papers explicitly discuss Rydberg/neutral-atom arrays. Exact experimental setup still needs validation.
E-056,Xiangliang Li / BAQIS cold-atom and Rydberg-theory node,theory_group,C,verified,2,Xiangliang Li,Beijing Academy of Quantum Information Sciences (BAQIS),Beijing,Beijing,China,39.9042,116.4074,Adjacent C,cold_atoms; rydberg_gates; theory; quantum_precision_measurement; adjacent,generic,gate_theory; many_body_theory; quantum_precision_measurement; adjacent_rydberg,no,yes,https://en.baqis.ac.cn/people/detail/?cid=1291,https://en.baqis.ac.cn/people/detail/?cid=1291,"Promoted cautiously in v1.0 as C/adjacent. Affiliation is clear, but direct optical-tweezer Rydberg-array role is not yet strong enough for B/A."
E-057,Bakr Laboratory for Ultracold Quantum Gases,academic,B,verified,4,Waseem S. Bakr,Princeton University,Princeton,NJ,United States,40.3431,-74.6551,Relevant B,optical_tweezers; rydberg_array; cryogenic; Cs; ultracold_gases; molecules,Cs; molecules; Rb?,cryogenic_rydberg; coherent_ground_rydberg_control; many_body_physics; metrology,experimental,mixed,https://phy.princeton.edu/people/waseem-bakr,https://phy.princeton.edu/people/waseem-bakr,Promoted in v1.0. Official Princeton profile lists Rydberg atoms among interests; 2026 arXiv reports Cs optical tweezer array in cryogenic environment with ground-Rydberg manipulation.
E-058,Lin Li Rydberg atom array group,academic,A,verified,5,Lin Li,Huazhong University of Science and Technology,Wuhan,Hubei,China,30.5928,114.3055,Core A,rydberg_array; optical_tweezers; quantum_information_scrambling; quantum_simulation; metrology; microwave_electrometry,Rb?; unknown,many_body_dynamics; OTOC; quantum_information_scrambling; microwave_electrometry; Rydberg blockade,experimental,mixed,https://www.linlilab.cn/,https://www.linlilab.cn/,Promoted in v1.0 as A core: official lab page says it focuses on Rydberg atoms; recent arXiv/work reports strongly interacting Rydberg atom arrays and tweezer-array electrometry.
E-059,Li You / NUS-CQT atomic tweezer Rydberg-array program,academic,B,needs_review,4,Li You; Meng Khoon Tey; collaborators,National University of Singapore / Centre for Quantum Technologies,Singapore,,Singapore,1.3521,103.8198,Relevant B,optical_tweezers; rydberg_array; atomic_tweezer_array; quantum_scrambling; quantum_simulation,Rb,many_body_scars; OTOC; anomalous_information_scrambling; Rydberg_blockade,experimental,mixed,https://www.cqt.sg/highlight/2023-03-tweezers-atom-array/,https://arxiv.org/abs/2410.16174,Promoted in v1.0 as a B experimental candidate. Paper explicitly uses atomic tweezer array and Rydberg blockade; institutional lab mapping still needs cleaner official PI/lab page.
E-060,Yelin quantum-optics theory and global-control Rydberg-array node,theory_group,B,verified,4,Susanne F. Yelin,Harvard University,Cambridge,MA,United States,42.3736,-71.1097,Relevant B,rydberg_array; analog_quantum_simulation; global_control; quantum_optimal_control; theory; experimental_collaboration,generic,global_control; quantum_optimal_control; multi_body_interactions; topological_dynamics; simulation_theory,no,yes,https://www.physics.harvard.edu/people/facpages/yelin,https://arxiv.org/abs/2508.19075,Promoted in v1.3 from Affiliation_Cleanup_v1_2. The arXiv paper has Yelin as last author and reports direct quantum optimal control plus an experimental Rydberg-array demonstration; official Harvard page verifies the node as theoretical quantum optics/QIS.
E-061,LENS Florence Sr Rydberg Lab,academic,B,verified,4,Leonardo Fallani; Vladislav Gavryusev; Jacopo Catani; Massimo Inguscio,University of Florence / CNR-INO / LENS,Florence,Tuscany,Italy,43.7696,11.2558,Relevant B,rydberg_array; optical_tweezers; alkaline_earth; Sr; quantum_simulation; neutral_atom_qc; platform_buildout,Sr,quantum_simulation; platform_buildout; future_rydberg_interactions; optical_tweezer_arrays,experimental,mixed,https://quantumgases.lens.unifi.it/exp/sr-rydberg,https://quantumgases.lens.unifi.it/exp/sr-rydberg,Promoted in v1.3. Official LENS page says the lab is building a strontium Rydberg platform based on programmable optical-tweezer arrays and lists Fallani as scientific staff/contact.
E-062,Peng Xu / CAS-Wuhan Rydberg excitation hardware node,academic,B,verified,4,Peng Xu,"Innovation Academy for Precision Measurement Science and Technology, CAS / Wuhan Institute of Quantum Technology",Wuhan,Hubei,China,30.5928,114.3055,Relevant B,rydberg_array; optical_tweezers; Rb; rydberg_excitation; pulsed_fiber_amplifier; technical_hardware,Rb,coherent_rydberg_excitation; pulsed_amplifier; hardware_scaling; high_power_excitation,experimental,mixed,https://arxiv.org/abs/2604.13436,https://arxiv.org/html/2604.13436v1,Promoted in v1.3. The 2026 arXiv HTML lists Peng Xu at CAS/Wuhan Institute of Quantum Technology and demonstrates coherent Rydberg excitation of single atoms in a rubidium optical-tweezer array.
E-063,Lerose quantum-simulation theory node,theory_group,B,verified,4,Alessio Lerose,KU Leuven,Leuven,Flemish Brabant,Belgium,50.8798,4.7005,Relevant B,rydberg_array; quantum_simulation; theory; lattice_gauge; high_energy_physics; long_range_spins; neutral_atom_architecture,generic,lattice_gauge_simulation; Schwinger_model; quantum_simulation_design; theory_application,no,yes,https://www.kuleuven.be/wieiswie/en/person/00172999,https://www.kuleuven.be/wieiswie/en/person/00172999,Promoted in v1.3. Official KU Leuven profile verifies Lerose as research professor in quantum many-body dynamics and quantum simulation; 2024 paper proposes implementation using a state-of-the-art dual-species Rydberg atom array.
E-064,Wei Zhang / Renmin-BAQIS compact Rb tweezer platform,academic,C,needs_review,3,Wei Zhang,Renmin University of China / BAQIS,Beijing,Beijing,China,39.9042,116.4074,Adjacent C,optical_tweezers; Rb; neutral_atom_platform; compact_setup; hardware; adjacent,Rb,platform_enabler; optical_tweezer_array; adjacent_to_rydberg_array_work,experimental,no,https://arxiv.org/abs/2604.12204,https://arxiv.org/abs/2604.12204,"Promoted cautiously in v1.3 as C/adjacent. The 2026 paper demonstrates a compact 25x25 homogeneous 87Rb optical tweezer array, but the cited source does not yet show a Rydberg-core result."
E-065,Chepiga Rydberg-array quantum-criticality theory node,theory_group,B,verified,4,Natalia Chepiga,Delft University of Technology,Delft,,Netherlands,52.0116,4.3571,Relevant B,rydberg_array; quantum_criticality; tensor_networks; multispecies; theory; quantum_simulation,generic; Rb/Cs theoretical,criticality; many_body_scars; multispecies_arrays; quantum_simulation_theory,no,yes,https://nchepiga.github.io/homepage/,https://link.aps.org/doi/10.1103/PhysRevLett.132.076505,"Promoted in v1.5. Strong theory node for Rydberg arrays, with explicit PRL and 2026 arXiv activity; TU Delft affiliation confirmed by CV/PRL metadata."
E-066,Mathey theory of atoms and solids Rydberg-tweezer node,theory_group,B,verified,4,Ludwig Mathey,University of Hamburg,Hamburg,,Germany,53.5511,9.9937,Relevant B,rydberg_array; optical_tweezers; lamb_dicke; motional_dynamics; theory; quantum_gates,generic,spin_motion; lamb_dicke_dynamics; rydberg_gates; quantum_simulation_theory,no,yes,https://www.physik.uni-hamburg.de/en/iqp/mathey.html,https://arxiv.org/abs/2506.22669,Promoted in v1.5 as a direct theory node because the 2025 paper explicitly treats interacting Rydberg atoms in optical-tweezer arrays and official page confirms Hamburg affiliation.
E-067,Qi-Yu Liang quantum-level light-matter interactions lab,academic,B,needs_review,4,Qi-Yu (Grace) Liang,Purdue University,West Lafayette,IN,United States,40.4237,-86.9212,Relevant B,rydberg_arrays; optical_tweezers; ultrafast_rydberg; quantum_optics; facilitation; experimental,Rb?; unknown,ultrafast_rydberg; robust_facilitation; quantum_dynamics; array_experiments,experimental,mixed,https://sites.google.com/view/qiyuliang,https://link.aps.org/doi/10.1103/23x7-g2h6,"Promoted cautiously in v1.5. Purdue official directory confirms PI/affiliation; recent PRL/AIP result is explicitly Rydberg facilitation and references compatibility with existing optical-tweezer platforms, but the lab's own tweezer-array hardware still needs confirmation."
E-068,Jing Qian Rydberg-dressed atom-array theory node,theory_group,B,verified,4,Jing Qian,East China Normal University,Shanghai / Chongqing,,China,31.2304,121.4737,Relevant B,rydberg_dressed_arrays; optimal_control; excitation_transport; theory; quantum_simulation,generic,rydberg_dressed_transport; optimal_control; spin_exchange; many_body_dynamics,no,yes,https://link.springer.com/article/10.1007/s44214-025-00078-4,https://arxiv.org/abs/2503.07672,Promoted in v1.5 as a theory node. 2025 paper is directly about Rydberg-dressed atom arrays; publisher page lists Jing Qian at ECNU/Chongqing Institute of ECNU.
E-069,KAT-1 / Dutch Sr Rydberg optical-tweezer QPU ecosystem,academic,B,verified,4,Florian Schreck; Robert J. C. Spreeuw; Eindhoven/Amsterdam collaborators,Eindhoven University of Technology / University of Amsterdam / QuantumDelta NL,Eindhoven / Amsterdam,,Netherlands,51.4416,5.4697,Relevant B,strontium; optical_tweezers; rydberg_array; quantum_processor; quantum_inspire; fractal_geometry,Sr,rydberg_QPU; quantum_simulation; fractal_arrays; spin_models; platform_buildout,mixed,mixed,https://research.tue.nl/en/activities/neutral-atoms-in-tweezer-arrays-for-hybrid-rydberg-quantum-comput/,https://research.tue.nl/en/activities/neutral-atoms-in-tweezer-arrays-for-hybrid-rydberg-quantum-comput/,Promoted in v1.5 as a Dutch ecosystem node. TU/e activity page explicitly states a Sr 2D optical-tweezer QPU with Rydberg excitations; 2025 arXiv reports experiments with single 88Sr atoms in optical tweezers arranged in fractal geometry.
E-070,Circular Rydberg atoms in optical tweezers / LKB-ENS-College de France,academic,B,verified,4,Michel Brune; Clément Sayrin; Jean-Michel Raimond; David J. Papoular,Laboratoire Kastler Brossel / ENS / Collège de France / Sorbonne Université,Paris,Île-de-France,France,48.8566,2.3522,Relevant B,circular_rydberg; optical_tweezers; dipole_dipole_interactions; spin_motion; quantum_simulation_adjacent,Rb?; circular Rydberg atoms,circular_rydberg_interactions; spin_motion_coupling; long_lived_rydberg_qubits,experimental,mixed,https://arxiv.org/abs/2407.04109,https://arxiv.org/abs/2407.04109,"Promoted in v1.5 as a relevant circular-Rydberg tweezer node. It is not a standard ground-state neutral-atom array processor, but it is directly Rydberg + optical tweezers + interacting atoms."
E-071,Pollet Rydberg-tweezer supersolidity theory node,theory_group,B,verified,4,Lode Pollet,Ludwig-Maximilians-Universität München (LMU Munich),Munich,Bavaria,Germany,48.1351,11.582,Relevant B,rydberg_tweezer_arrays; quantum_simulation; supersolidity; quantum_monte_carlo; theory,Rb; generic Rydberg,analog_simulation; supersolidity; extended_hubbard; theory,no,theory,https://www.theorie.physik.uni-muenchen.de/lsschollwoeck/people/professors/pollet/index.html,https://arxiv.org/abs/2407.12752,Promoted in v1.7 from v1.6 paper layer. Strong theory node connected to Browaeys/Geier experimental feasibility context; not an experimental hardware group.
E-072,Scarola Rydberg-array analogue simulation theory node,theory_group,B,verified,4,Vito W. Scarola,Virginia Tech,Blacksburg,VA,United States,37.2296,-80.4139,Relevant B,rydberg_atom_arrays; optical_tweezers; quantum_simulation; supersymmetry; theory,generic Rydberg,analog_simulation; many_body_theory; supersymmetry; architecture,no,theory,https://scarola.phys.vt.edu/,https://arxiv.org/abs/2405.21073,Promoted in v1.7 as a theory/simulation node. The paper is explicitly motivated by Rydberg atoms in optical tweezer arrays.
E-073,Vutha Rydberg-tweezer dark-matter sensing proposal node,academic,C,verified,2,Amar C. Vutha,University of Toronto,Toronto,Ontario,Canada,43.6629,-79.3957,Adjacent C,rydberg_tweezer_arrays; sensing; dark_matter; microwave_electrometry_adjacent,generic Rydberg,sensing; dark_matter_detection; adjacent_metrology,proposal/theory,mixed,https://www.physics.utoronto.ca/~vutha/,https://arxiv.org/abs/2507.12860,"Promoted in v1.7 as adjacent sensing/metrology. Relevant to Rydberg atoms in optical tweezer arrays, but not a neutral-atom QC/simulation platform node."
E-074,Yunoki computational quantum matter Rydberg-tweezer control node,theory_group,B,verified,4,Seiji Yunoki,RIKEN,Wako,Saitama,Japan,35.7813,139.6135,Relevant B,rydberg_tweezer_arrays; pulse_optimization; variational_algorithms; many_body_theory,generic Rydberg,control; pulse_optimization; analog_vqe; theory,no,theory,https://cems.riken.jp/laboratory/cqmrt,https://arxiv.org/abs/2507.19153,Promoted in v1.7. Useful theory/control node for pulse-level and hybrid analog/digital algorithms on Rydberg tweezer arrays.
E-075,Hofferberth magic-trapping Rydberg enabling-physics node,academic,C,verified,3,Sebastian Hofferberth,University of Bonn,Bonn,North Rhine-Westphalia,Germany,50.7374,7.0982,Adjacent C,rydberg_atoms; magic_trapping; optical_tweezers; enabling_physics; theory_experiment,generic Rydberg,magic_trapping; coherence; enabling_physics,mixed,mixed,https://www.iap.uni-bonn.de/nqo/en,https://arxiv.org/abs/2410.20901,"Promoted in v1.7 as adjacent/enabling physics. Relevant for trapped Rydberg coherence, but not a mainstream tweezer-array processor by itself."
E-076,Zakrzewski Rydberg-tweezer localization/topology theory node,theory_group,B,verified,4,Jakub Zakrzewski,Jagiellonian University in Kraków,Kraków,Lesser Poland,Poland,50.0647,19.945,Relevant B,rydberg_tweezer_arrays; localization; topology; disorder; theory,generic Rydberg,localization; topology; quantum_simulation; disorder; theory,no,theory,https://chaos.if.uj.edu.pl/~kuba/,https://arxiv.org/abs/2505.07720,Promoted in v1.7. The paper explicitly states Rydberg tweezer arrays as the target platform and PDF lists Jagiellonian affiliation.
E-077,Lychkovskiy/Fedorov messenger-qubit Rydberg-processor architecture node,theory_group,B,needs_review,3,Oleg V. Lychkovskiy; Aleksey K. Fedorov; collaborators,Skolkovo Institute of Science and Technology / Russian Quantum Center,Moscow / Skolkovo,Moscow Oblast,Russia,55.7558,37.6173,Relevant B,rydberg_atom_processors; messenger_qubits; all_to_all_connectivity; architecture; theory,generic Rydberg,architecture; connectivity; messenger_qubits; theory,no,theory,https://arxiv.org/abs/2504.05087,https://arxiv.org/abs/2504.05087,Promoted in v1.7 but kept needs_review. Relevant architecture theory for Rydberg-atom processors; optical-tweezer implementation details and exact institution node require one more QC pass.
E-078,Petrosyan/FORTH-YerPhI Rydberg multiqubit-gate theory node,theory_group,B,verified,4,David Petrosyan; Antonis Delakouras; Georgios Doultsinos,FORTH / University of Crete / A. Alikhanyan National Science Laboratory (YerPhI),Heraklion / Yerevan,Crete / Yerevan,Greece / Armenia,35.3387,25.1442,Relevant B,rydberg_array; optical_tweezers; neutral_atom_qc; multiqubit_gates; quantum_bus; theory; connectivity,generic neutral atoms,multiqubit_gates; distant_gates; quantum_bus; connectivity; blockade,no,theory,https://esperia.iesl.forth.gr/~dap/publ.html,https://arxiv.org/html/2507.16602v2,Promoted in v2.0 from Saffman-review reference mining. The arXiv HTML lists FORTH/University of Crete/YerPhI affiliations and the paper explicitly considers neutral atoms in optical tweezers with Rydberg-mediated multiqubit and distant gates.
E-079,Lechner / Innsbruck-ParityQC neutral-atom gate-set theory node,mixed,B,verified,4,Wolfgang Lechner; Pedro Ildefonso; Michael Schuler; Javad Kazemi,University of Innsbruck / ParityQC,Innsbruck,Tyrol,Austria,47.2692,11.4041,Relevant B,neutral_atom_qc; rydberg_gates; optical_tweezers; optimal_control; iSWAP; exchange_gates; parity_architecture; theory; company_link,Sr; generic neutral atoms,native_iSWAP; exchange_gates; optimal_control; Rydberg_dipole_dipole,no,theory,https://www.uibk.ac.at/en/th-physik/quantum-computing/publications/,https://arxiv.org/html/2512.05037v1,"Promoted in v2.0. The paper lists University of Innsbruck plus ParityQC affiliations, models Sr neutral-atom QPUs, and is relevant for expanding native Rydberg gate sets beyond CZ."
E-080,Khazali-Mølmer conditional-exchange neutral-atom gate theory node,theory_group,B,verified,3,Mohammadsadegh Khazali; Klaus Mølmer,University of Tehran / Niels Bohr Institute,Tehran / Copenhagen,,Iran / Denmark,55.6761,12.5683,Relevant B,neutral_atom_arrays; rydberg_gates; controlled_SWAP; conditional_exchange; routing; theory,generic neutral atoms,controlled_SWAP; conditional_exchange; routing; native_multiqubit_gates,no,theory,https://arxiv.org/html/2511.22214v1,https://arxiv.org/html/2511.22214v1,"Promoted in v2.0 with optical_tweezers=unclear. Strongly relevant to Rydberg neutral-atom gate theory, but the paper discusses neutral atom arrays broadly rather than a specific tweezer processor."
E-081,PNNL multi-target Rydberg gates and neutral-atom architecture node,national_lab,B,verified,4,Ang Li; Samuel Stein; Chenxu Liu; collaborators,Pacific Northwest National Laboratory,Richland,WA,United States,46.2804,-119.2752,Relevant B,neutral_atom_qc; rydberg_gates; multi_target_gates; QEC; pulse_synthesis; architecture; software_hardware_codesign; theory,generic neutral atoms,multi_target_gates; spatial_blockade_engineering; syndrome_extraction; QEC_architecture,no,theory,https://www.pnnl.gov/projects/quantum-algorithms-and-architecture-domain-science/leadership,https://arxiv.org/html/2504.15282v1,"Promoted in v2.0. The arXiv HTML lists PNNL affiliations for Stein/Liu/Li and the work targets multi-target Rydberg gates for neutral-atom syndrome extraction. Marked yes/unclear for tweezers because the target hardware is neutral-atom arrays, not a PNNL experimental tweezer platform."
E-082,Stanford-Chicago RF-tuned Förster Rydberg-interaction node,academic,C,verified,2,Jon Simon; Lukas Palm; Stanford/Chicago collaborators,Stanford University / University of Chicago,Stanford / Chicago,CA / IL,United States,37.4275,-122.1697,Adjacent C,rydberg_interactions; RF_tuned_forster; microwave_dressing; blockade_enhancement; cavity_Rydberg; adjacent_interaction_engineering,Rb,interaction_engineering; enhanced_blockade; RF_tuned_Forster_resonance; adjacent,experimental,mixed,https://arxiv.org/html/2603.07958v1,https://arxiv.org/html/2603.07958v1,"Promoted in v2.0 as C adjacent because it is Rydberg interaction engineering relevant to gates and dressing, but the demonstrated system is cavity/ensemble-oriented rather than a neutral-atom tweezer array processor."
